"P1","P2","P3","P4","P5","P6","P7","P8","P9","P10","P11","P12","P13","P14","P15","P16","P17","P18","P19","P20","P21","P22","P23","P24"
NA,"x3","x3","x5","x5",NA,"x3","x4","x5","x4","x5","x3","x3","x5","x4","x3",NA,"x5","x4","x4","x5","x4","x5","x4"
NA,"x2","x3","x3","x4",NA,"x5","x4","x4","x4","x1","x2","x3","x3","x2","x4",NA,"x5","x5","x5","x5","x3","x4","x4"
NA,"x4","x3","x5","x5",NA,"x4","x4","x4","x5","x5","x2","x3","x4","x4","x4",NA,"x4","x4","x4","x4","x4","x4","x4"
NA,"x4","x3","x4","x4",NA,"x4","x4","x5","x5","x4","x4","x4","x5","x4","x4",NA,"x4","x4","x4","x5","x5","x5","x5"
NA,"x4","x3","x4","x5",NA,"x5","x4","x5","x5","x5","x3","x4","x5","x4","x5",NA,"x5","x5","x5","x5","x5","x5","x5"
NA,"x2","x3","x4","x5",NA,"x4","x4","x4","x4","x4","x4","x4","x4","x4","x4",NA,"x4","x4","x4","x5","x5","x5","x5"
NA,"x3","x3","x4","x5",NA,"x5","x4","x4","x5","x4","x3","x4","x5","x5","x5",NA,"x5","x5","x5","x5","x4","x5","x5"
NA,"x3","x3","x4","x5",NA,"x4","x4","x5","x4","x5","x1","x3","x5","x3","x4",NA,"x5","x5","x5","x5","x4","x2","x4"
NA,"x0","x3","x1","x4",NA,"x4","x4","x3","x3","x3","x2","x2","x5","x2","x4",NA,"x3","x3","x4","x4","x3","x3","x3"
NA,"x2","x3","x4","x5",NA,"x3","x4","x5","x4","x5","x5","x5","x5","x5","x5",NA,"x5","x5","x5","x5","x5","x5","x5"
NA,"x2","x3","x3","x4",NA,"x3","x4","x3","x4","x3","x3","x4","x4","x4","x4",NA,"x4","x4","x4","x4","x2","x4","x4"
NA,"x3","x3","x4","x5",NA,"x5","x4","x5","x5","x4","x4","x5","x5","x4","x5",NA,"x5","x5","x5","x5","x4","x5","x5"
NA,"x3","x3","x3","x5",NA,"x5","x4","x5","x5","x4","x3","x4","x5","x5","x5",NA,"x5","x5","x5","x5","x5","x5","x5"
NA,"x5","x3","x5","x5",NA,"x4","x4","x5","x5","x5","x3","x4","x5","x5","x5",NA,"x5","x5","x5","x5","x5","x5","x5"
NA,"x3","x3","x4","x5",NA,"x5","x4","x5","x5","x4","x4","x4","x4","x4","x5",NA,"x5","x5","x5","x5","x4","x5","x5"
NA,"x3","x3","x4","x5",NA,"x5","x4","x5","x5","x5","x5","x4","x5","x5","x5",NA,"x5","x5","x5","x5","x5","x5","x5"
NA,"x2","x3","x3","x5",NA,"x5","x4","x5","x5","x4","x4","x4","x5","x4","x5",NA,"x5","x5","x5","x4","x5","x4","x4"
NA,"x3","x3","x4","x5",NA,"x5","x4","x5","x5","x5","x4","x4","x5","x4","x5",NA,"x5","x5","x5","x5","x5","x5","x5"
NA,"x4","x3","x4","x5",NA,"x5","x4","x5","x5","x5","x3","x4","x5","x5","x5",NA,"x5","x5","x5","x5","x5","x5","x5"
NA,"x3","x3","x4","x5",NA,"x5","x4","x5","x5","x5","x2","x4","x5","x5","x5",NA,"x5","x5","x5","x5","x5","x5","x5"
NA,"x3","x3","x4","x5",NA,"x5","x4","x5","x5","x4","x3","x4","x5","x4","x5",NA,"x5","x5","x5","x5","x5","x5","x5"
NA,"x2","x3","x3","x4",NA,"x4","x4","x4","x4","x2","x1","x3","x3","x3","x4",NA,"x4","x4","x4","x4","x3","x4","x4"
NA,"x3","x3","x4","x5",NA,"x5","x4","x5","x5","x4","x4","x5","x5","x3","x5",NA,"x5","x4","x5","x5","x5","x4","x5"
NA,"x5","x4","x4","x5",NA,"x4","x5","x5","x5","x5","x5","x4","x5","x4","x5",NA,"x5","x4","x5","x5","x5","x5","x4"
NA,"x3","x4","x3","x4",NA,"x3","x5","x3","x4","x4","x1","x3","x3","x3","x4",NA,"x4","x4","x4","x4","x4","x4","x4"
NA,"x4","x4","x4","x5",NA,"x4","x5","x5","x5","x5","x4","x5","x5","x4","x5",NA,"x5","x5","x5","x5","x5","x5","x5"
NA,"x5","x4","x4","x5",NA,"x5","x5","x5","x4","x5","x5","x5","x5","x5","x5",NA,"x5","x5","x5","x5","x5","x5","x5"
NA,"x4","x4","x4","x5",NA,"x5","x5","x5","x5","x5","x5","x5","x5","x5","x5",NA,"x5","x5","x5","x5","x5","x5","x5"
NA,"x3","x4","x4","x5",NA,"x3","x5","x4","x5","x5","x3","x4","x5","x2","x5",NA,"x5","x5","x5","x4","x4","x5","x5"
NA,"x5","x4","x5","x5",NA,"x5","x5","x5","x5","x5","x5","x5","x5","x5","x5",NA,"x5","x5","x5","x5","x5","x5","x5"
NA,"x3","x4","x3","x4",NA,"x4","x5","x4","x4","x5","x3","x4","x5","x4","x4",NA,"x4","x4","x4","x5","x5","x4","x5"
NA,"x4","x4","x4","x5",NA,"x5","x5","x5","x5","x5","x0","x3","x5","x5","x5",NA,"x5","x5","x5","x5","x5","x5","x5"
NA,"x5","x4","x5","x5",NA,"x5","x5","x5","x5","x5","x4","x4","x5","x5","x5",NA,"x5","x5","x5","x5","x5","x5","x5"
NA,"x4","x4","x4","x5",NA,"x4","x5","x5","x4","x5","x3","x4","x5","x3","x5",NA,"x5","x5","x5","x5","x5","x5","x5"
NA,"x4","x4","x4","x5",NA,"x3","x5","x4","x5","x5","x5","x5","x5","x5","x5",NA,"x5","x5","x5","x5","x5","x5","x5"
NA,"x3","x4","x4","x5",NA,"x4","x5","x4","x5","x4","x3","x4","x5","x4","x5",NA,"x5","x5","x5","x5","x5","x5","x4"
NA,"x2","x4","x4","x4",NA,"x5","x5","x4","x3","x5","x3","x4","x4","x3","x3",NA,"x3","x3","x5","x5","x3","x3","x3"
NA,"x4","x4","x4","x4",NA,"x3","x5","x4","x4","x5","x3","x4","x4","x4","x4",NA,"x4","x4","x4","x4","x4","x4","x4"
NA,"x3","x4","x4","x5",NA,"x4","x5","x5","x5","x4","x2","x5","x5","x4","x5",NA,"x5","x5","x5","x4","x5","x5","x5"
NA,"x5","x4","x5","x5",NA,"x5","x5","x5","x5","x5","x3","x5","x5","x5","x5",NA,"x5","x5","x5","x5","x5","x5","x5"
NA,"x4","x4","x4","x5",NA,"x5","x5","x5","x5","x5","x3","x4","x5","x4","x5",NA,"x5","x5","x5","x5","x5","x5","x5"
NA,"x4","x4","x5","x5",NA,"x4","x5","x5","x5","x5","x3","x5","x5","x5","x5",NA,"x5","x5","x5","x5","x5","x5","x5"
NA,"x5","x4","x5","x4",NA,"x4","x5","x5","x4","x3","x3","x3","x4","x4","x5",NA,"x4","x4","x4","x4","x4","x4","x4"
NA,"x3","x4","x4","x5",NA,"x5","x5","x5","x4","x5","x4","x4","x5","x5","x5",NA,"x5","x5","x5","x5","x5","x5","x5"
NA,"x4","x4","x4","x5",NA,"x5","x5","x4","x5","x5","x3","x3","x4","x3","x5",NA,"x5","x5","x5","x5","x4","x5","x5"
NA,"x4","x4","x4","x4",NA,"x4","x5","x4","x5","x5","x2","x2","x3","x3","x4",NA,"x5","x5","x5","x5","x3","x4","x4"
NA,"x3","x4","x4","x4",NA,"x4","x5","x4","x5","x5","x4","x4","x5","x4","x5",NA,"x4","x5","x5","x5","x5","x5","x5"
NA,"x3","x4","x2","x4",NA,"x4","x5","x4","x5","x4","x4","x4","x3","x4","x4",NA,"x4","x4","x4","x4","x4","x4","x4"
NA,"x4","x4","x4","x3",NA,"x3","x5","x3","x4","x3","x3","x4","x3","x3","x3",NA,"x3","x3","x3","x3","x5","x3","x4"
NA,"x3","x4","x4","x4",NA,"x3","x5","x4","x4","x4","x2","x2","x3","x4","x4",NA,"x4","x4","x4","x3","x4","x4","x4"
NA,"x4","x4","x4","x4",NA,"x3","x5","x3","x5","x2","x0","x0","x0","x0","x3",NA,"x3","x4","x4","x2","x1","x3","x4"
NA,"x5","x4","x5","x5",NA,"x5","x5","x5","x5","x5","x3","x4","x5","x5","x5",NA,"x5","x5","x5","x5","x5","x5","x5"
NA,"x3","x4","x3","x4",NA,"x4","x5","x4","x4","x4","x4","x3","x4","x4","x5",NA,"x4","x4","x4","x4","x4","x4","x5"
NA,"x2","x4","x3","x4",NA,"x3","x5","x4","x4","x4","x1","x3","x3","x3","x4",NA,"x4","x4","x4","x4","x4","x4","x4"
NA,"x2","x4","x4","x4",NA,"x4","x5","x3","x5","x3","x5","x3","x4","x4","x5",NA,"x4","x3","x5","x5","x4","x5","x4"
NA,"x4","x4","x5","x5",NA,"x3","x5","x4","x5","x5","x4","x4","x5","x5","x5",NA,"x5","x5","x5","x5","x5","x5","x5"
NA,"x4","x4","x5","x5",NA,"x5","x5","x5","x5","x5","x0","x5","x5","x4","x5",NA,"x5","x5","x5","x5","x5","x5","x5"
NA,"x4","x4","x4","x5",NA,"x5","x5","x5","x5","x5","x0","x0","x5","x4","x5",NA,"x5","x5","x5","x5","x5","x5","x5"
NA,"x3","x4","x4","x5",NA,"x4","x5","x4","x5","x5","x2","x5","x5","x5","x5",NA,"x4","x5","x5","x5","x5","x5","x5"
NA,"x3","x4","x4","x5",NA,"x4","x5","x4","x5","x4","x4","x4","x4","x4","x5",NA,"x4","x5","x5","x5","x4","x5","x4"
NA,"x4","x4","x4","x5",NA,"x5","x5","x5","x5","x4","x3","x4","x5","x4","x5",NA,"x5","x4","x5","x4","x5","x5","x5"
NA,"x5","x4","x5","x5",NA,"x5","x5","x5","x5","x5","x5","x4","x5","x5","x5",NA,"x5","x5","x5","x5","x5","x5","x5"
NA,"x4","x4","x5","x5",NA,"x5","x5","x5","x4","x5","x3","x4","x4","x4","x5",NA,"x5","x5","x5","x5","x5","x4","x4"
NA,"x3","x4","x3","x4",NA,"x2","x5","x3","x4","x3","x2","x2","x4","x4","x4",NA,"x3","x4","x3","x3","x3","x3","x3"
NA,"x3","x4","x3","x3",NA,"x3","x3","x1","x4","x4","x2","x2","x3","x3","x4",NA,"x3","x3","x4","x4","x4","x3","x4"
NA,"x5","x4","x5","x5",NA,"x5","x5","x5","x5","x5","x3","x3","x5","x5","x5",NA,"x5","x5","x5","x5","x5","x5","x5"
NA,"x3","x4","x4","x5",NA,"x4","x5","x4","x5","x4","x4","x4","x4","x4","x4",NA,"x4","x4","x5","x4","x4","x5","x5"
NA,"x4","x4","x5","x5",NA,"x3","x5","x5","x5","x4","x5","x5","x5","x5","x5",NA,"x5","x5","x5","x5","x5","x5","x5"
NA,"x5","x4","x5","x5",NA,"x5","x5","x5","x5","x5","x5","x4","x5","x5","x5",NA,"x5","x5","x5","x5","x5","x5","x5"
NA,"x5","x4","x5","x5",NA,"x4","x5","x5","x5","x4","x3","x4","x4","x4","x5",NA,"x5","x5","x5","x4","x4","x5","x5"
NA,"x4","x4","x4","x5",NA,"x4","x5","x5","x5","x5","x4","x5","x4","x4","x5",NA,"x5","x5","x5","x5","x5","x5","x5"
NA,"x3","x4","x4","x5",NA,"x5","x5","x5","x5","x5","x5","x5","x5","x5","x5",NA,"x5","x5","x5","x5","x5","x5","x5"
NA,"x3","x4","x4","x4",NA,"x4","x5","x3","x4","x4","x3","x4","x4","x4","x5",NA,"x4","x4","x4","x4","x4","x4","x5"
NA,"x4","x4","x5","x5",NA,"x4","x5","x4","x5","x5","x0","x4","x4","x1","x5",NA,"x5","x4","x5","x5","x5","x5","x5"
NA,"x5","x4","x5","x5",NA,"x4","x5","x4","x5","x4","x3","x4","x5","x5","x5",NA,"x5","x5","x5","x4","x5","x5","x5"
NA,"x4","x4","x4","x5",NA,"x4","x5","x4","x4","x4","x2","x3","x5","x3","x5",NA,"x5","x5","x5","x4","x4","x4","x4"
NA,"x4","x4","x5","x5",NA,"x5","x5","x4","x4","x4","x0","x1","x4","x4","x5",NA,"x4","x4","x4","x4","x4","x5","x5"
NA,"x5","x4","x5","x5",NA,"x5","x5","x5","x5","x5","x4","x4","x5","x4","x5",NA,"x5","x5","x5","x4","x5","x5","x5"
NA,"x3","x4","x4","x5",NA,"x4","x5","x4","x5","x5","x2","x3","x5","x4","x5",NA,"x5","x5","x5","x5","x5","x5","x5"
NA,"x4","x4","x4","x5",NA,"x4","x5","x5","x3","x5","x3","x4","x5","x4","x5",NA,"x5","x4","x5","x5","x5","x5","x4"
NA,"x4","x4","x4","x4",NA,"x4","x5","x4","x4","x4","x2","x2","x4","x4","x4",NA,"x4","x4","x4","x4","x4","x4","x4"
NA,"x3","x4","x4","x2",NA,"x3","x5","x2","x1","x4","x2","x3","x2","x4","x5",NA,"x5","x5","x5","x5","x2","x3","x4"
NA,"x4","x4","x5","x5",NA,"x4","x5","x5","x4","x4","x4","x4","x5","x4","x4",NA,"x4","x4","x5","x4","x5","x5","x4"
NA,"x5","x4","x5","x5",NA,"x5","x5","x5","x5","x5","x3","x4","x5","x4","x5",NA,"x5","x5","x5","x5","x5","x5","x5"
NA,"x4","x4","x4","x5",NA,"x4","x5","x4","x4","x4","x4","x4","x4","x4","x4",NA,"x4","x4","x5","x5","x5","x5","x5"
NA,"x2","x4","x3","x4",NA,"x4","x5","x4","x4","x4","x3","x3","x4","x3","x4",NA,"x4","x5","x4","x4","x3","x4","x4"
NA,"x4","x4","x4","x5",NA,"x4","x5","x5","x5","x5","x4","x3","x5","x4","x5",NA,"x5","x5","x5","x5","x5","x5","x5"
NA,"x3","x4","x4","x5",NA,"x4","x5","x5","x4","x5","x5","x5","x5","x5","x5",NA,"x4","x4","x5","x5","x5","x5","x5"
NA,"x3","x4","x3","x4",NA,"x4","x5","x4","x4","x4","x3","x3","x4","x4","x4",NA,"x4","x4","x4","x4","x4","x4","x4"
NA,"x4","x4","x4","x5",NA,"x4","x5","x5","x5","x4","x3","x3","x4","x4","x5",NA,"x5","x5","x5","x5","x5","x5","x5"
NA,"x3","x4","x3","x3",NA,"x3","x5","x4","x4","x3","x3","x3","x2","x2","x4",NA,"x3","x4","x4","x4","x3","x4","x4"
NA,"x3","x4","x4","x5",NA,"x5","x5","x5","x5","x4","x4","x4","x5","x5","x5",NA,"x5","x5","x5","x5","x5","x5","x5"
NA,"x4","x4","x5","x5",NA,"x5","x5","x5","x5","x5","x5","x5","x5","x4","x5",NA,"x5","x5","x5","x5","x5","x5","x5"
NA,"x2","x4","x2","x2",NA,"x2","x5","x2","x2","x2","x2","x2","x2","x2","x2",NA,"x2","x2","x2","x2","x2","x2","x2"
NA,"x1","x4","x2","x4",NA,"x3","x5","x5","x5","x4","x2","x3","x3","x4","x4",NA,"x4","x4","x5","x5","x3","x5","x4"
NA,"x4","x4","x4","x5",NA,"x5","x5","x5","x5","x5","x3","x4","x5","x5","x5",NA,"x5","x5","x5","x4","x4","x4","x5"
NA,"x3","x4","x4","x4",NA,"x4","x5","x3","x4","x3","x3","x4","x4","x2","x5",NA,"x5","x4","x4","x4","x3","x4","x4"
NA,"x4","x4","x4","x4",NA,"x4","x5","x4","x5","x4","x2","x2","x3","x3","x4",NA,"x3","x4","x4","x4","x5","x5","x5"
NA,"x5","x4","x4","x4",NA,"x4","x5","x5","x5","x4","x2","x3","x5","x4","x5",NA,"x5","x5","x4","x4","x4","x5","x5"
NA,"x4","x4","x4","x4",NA,"x4","x5","x4","x4","x4","x3","x4","x4","x4","x4",NA,"x4","x4","x4","x4","x4","x4","x4"
NA,"x3","x4","x3","x4",NA,"x4","x5","x4","x4","x4","x4","x3","x4","x4","x4",NA,"x4","x4","x4","x4","x4","x4","x4"
NA,"x4","x4","x4","x5",NA,"x4","x5","x5","x5","x5","x4","x5","x5","x3","x5",NA,"x4","x5","x5","x5","x5","x5","x5"
NA,"x4","x4","x4","x5",NA,"x4","x5","x5","x4","x5","x3","x5","x5","x3","x5",NA,"x5","x5","x5","x5","x5","x5","x5"
NA,"x4","x4","x4","x5",NA,"x5","x5","x5","x5","x5","x0","x0","x0","x5","x5",NA,"x5","x5","x5","x5","x5","x5","x5"
NA,"x5","x4","x5","x5",NA,"x5","x5","x5","x5","x5","x5","x5","x5","x5","x5",NA,"x5","x5","x5","x5","x5","x5","x5"
NA,"x4","x4","x4","x5",NA,"x4","x5","x4","x5","x5","x1","x4","x4","x4","x5",NA,"x5","x5","x4","x5","x4","x5","x4"
NA,"x5","x4","x5","x5",NA,"x5","x5","x5","x5","x5","x3","x4","x5","x5","x5",NA,"x5","x5","x5","x5","x5","x5","x5"
NA,"x3","x4","x4","x5",NA,"x3","x5","x4","x5","x4","x3","x4","x5","x3","x5",NA,"x4","x4","x4","x4","x4","x4","x4"
NA,"x5","x4","x5","x5",NA,"x5","x5","x5","x5","x5","x4","x4","x5","x4","x5",NA,"x5","x5","x5","x5","x4","x5","x5"
NA,"x5","x4","x5","x5",NA,"x5","x5","x5","x5","x5","x3","x5","x5","x5","x5",NA,"x5","x5","x5","x5","x5","x5","x5"
NA,"x5","x4","x5","x5",NA,"x5","x5","x5","x5","x5","x3","x4","x5","x4","x5",NA,"x5","x5","x5","x5","x5","x5","x5"
NA,"x3","x4","x4","x5",NA,"x4","x5","x3","x5","x5","x1","x5","x4","x3","x3",NA,"x4","x5","x5","x4","x4","x4","x4"
NA,"x3","x4","x4","x5",NA,"x4","x5","x5","x5","x5","x0","x5","x5","x4","x5",NA,"x5","x5","x5","x5","x5","x5","x5"
NA,"x3","x4","x4","x4",NA,"x4","x5","x5","x5","x5","x3","x0","x4","x4","x5",NA,"x4","x4","x4","x4","x4","x5","x4"
NA,"x3","x4","x4","x5",NA,"x4","x5","x5","x5","x5","x3","x4","x5","x5","x5",NA,"x5","x5","x5","x5","x5","x5","x5"
NA,"x3","x4","x4","x5",NA,"x4","x5","x4","x5","x4","x3","x2","x5","x4","x5",NA,"x5","x5","x5","x5","x4","x5","x5"
NA,"x4","x4","x4","x5",NA,"x5","x5","x5","x5","x5","x1","x3","x4","x4","x5",NA,"x5","x5","x5","x5","x5","x5","x5"
NA,"x3","x4","x3","x5",NA,"x4","x5","x5","x4","x4","x3","x3","x5","x5","x4",NA,"x5","x4","x5","x4","x4","x4","x4"
NA,"x2","x4","x4","x4",NA,"x4","x5","x5","x5","x5","x4","x4","x4","x4","x5",NA,"x5","x5","x5","x5","x5","x5","x4"
NA,"x4","x4","x4","x5",NA,"x4","x5","x5","x5","x4","x4","x4","x5","x5","x5",NA,"x4","x4","x5","x5","x4","x4","x5"
NA,"x5","x4","x5","x5",NA,"x4","x4","x5","x4","x5","x4","x5","x5","x4","x5",NA,"x5","x5","x5","x5","x5","x5","x5"
NA,"x4","x4","x4","x4",NA,"x4","x4","x4","x5","x5","x3","x4","x4","x3","x5",NA,"x3","x4","x5","x4","x5","x5","x5"
NA,"x2","x3","x4","x4",NA,"x4","x4","x4","x4","x4","x3","x3","x4","x2","x3",NA,"x4","x4","x3","x4","x3","x4","x4"
NA,"x5","x4","x5","x5",NA,"x5","x4","x4","x5","x5","x2","x5","x5","x5","x5",NA,"x5","x5","x5","x5","x5","x5","x5"
NA,"x4","x4","x4","x4",NA,"x4","x4","x4","x3","x3","x2","x1","x5","x4","x4",NA,"x4","x3","x4","x3","x4","x4","x4"
NA,"x4","x4","x5","x5",NA,"x5","x4","x5","x5","x5","x5","x5","x5","x5","x5",NA,"x5","x5","x5","x5","x5","x5","x5"
NA,"x4","x4","x4","x5",NA,"x3","x4","x4","x4","x5","x2","x3","x4","x3","x4",NA,"x4","x4","x4","x4","x4","x4","x4"
NA,"x3","x4","x3","x3",NA,"x3","x4","x3","x4","x3","x1","x1","x3","x1","x3",NA,"x4","x3","x4","x2","x3","x3","x3"
NA,"x4","x4","x5","x5",NA,"x4","x4","x5","x3","x3","x1","x0","x5","x4","x5",NA,"x4","x4","x4","x4","x5","x5","x5"
NA,"x4","x4","x4","x5",NA,"x4","x4","x4","x4","x4","x1","x1","x3","x3","x5",NA,"x4","x4","x4","x4","x4","x4","x5"
NA,"x3","x4","x4","x4",NA,"x3","x3","x4","x4","x2","x2","x2","x3","x4","x4",NA,"x3","x2","x3","x3","x4","x4","x4"
NA,"x5","x4","x5","x5",NA,"x5","x4","x5","x5","x5","x5","x5","x5","x5","x5",NA,"x5","x5","x5","x5","x5","x5","x5"
NA,"x5","x4","x5","x5",NA,"x5","x4","x5","x5","x5","x3","x5","x5","x4","x5",NA,"x5","x5","x5","x5","x5","x5","x5"
NA,"x4","x4","x4","x4",NA,"x4","x4","x4","x2","x4","x5","x2","x5","x4","x4",NA,"x4","x4","x4","x3","x4","x4","x5"
NA,"x4","x4","x5","x5",NA,"x5","x5","x5","x5","x5","x5","x5","x5","x5","x5",NA,"x5","x4","x5","x5","x5","x5","x5"
NA,"x4","x4","x5","x4",NA,"x3","x3","x3","x3","x4","x3","x3","x4","x3","x4",NA,"x3","x3","x4","x2","x3","x3","x3"
NA,"x4","x4","x4","x4",NA,"x4","x4","x4","x4","x4","x3","x4","x4","x4","x4",NA,"x4","x4","x4","x4","x4","x4","x4"
NA,"x3","x4","x3","x5",NA,"x3","x4","x4","x5","x4","x3","x4","x4","x4","x5",NA,"x4","x4","x4","x4","x3","x4","x4"
NA,"x3","x4","x5","x5",NA,"x5","x4","x4","x4","x5","x3","x3","x4","x4","x4",NA,"x4","x5","x5","x4","x4","x4","x4"
NA,"x4","x4","x4","x5",NA,"x5","x4","x5","x5","x5","x4","x5","x5","x5","x5",NA,"x5","x5","x5","x5","x5","x5","x5"
NA,"x4","x4","x4","x5",NA,"x5","x4","x4","x5","x5","x3","x3","x4","x4","x5",NA,"x5","x5","x5","x4","x5","x5","x5"
NA,"x5","x4","x5","x5",NA,"x5","x4","x5","x5","x5","x5","x5","x5","x5","x5",NA,"x5","x5","x5","x5","x5","x5","x5"
NA,"x5","x4","x5","x5",NA,"x5","x4","x5","x5","x5","x5","x5","x5","x5","x5",NA,"x5","x5","x5","x5","x5","x5","x5"
NA,"x4","x4","x5","x5",NA,"x4","x4","x5","x5","x5","x4","x4","x5","x5","x5",NA,"x4","x5","x5","x5","x5","x5","x5"
NA,"x4","x4","x5","x5",NA,"x5","x4","x5","x5","x5","x3","x4","x5","x5","x5",NA,"x5","x5","x5","x5","x5","x5","x5"
NA,"x5","x4","x5","x5",NA,"x4","x4","x5","x5","x5","x3","x3","x4","x3","x5",NA,"x5","x5","x5","x5","x5","x5","x5"
NA,"x4","x4","x4","x5",NA,"x4","x4","x5","x5","x5","x5","x4","x5","x5","x5",NA,"x5","x5","x5","x5","x5","x5","x5"
NA,"x4","x4","x5","x5",NA,"x5","x4","x5","x5","x5","x5","x5","x5","x5","x5",NA,"x5","x5","x5","x5","x5","x5","x5"
NA,"x5","x4","x5","x5",NA,"x5","x4","x5","x5","x5","x3","x5","x5","x4","x5",NA,"x5","x5","x5","x5","x5","x5","x5"
NA,"x4","x4","x4","x5",NA,"x4","x4","x5","x5","x5","x5","x5","x5","x5","x5",NA,"x5","x5","x5","x5","x5","x5","x5"
NA,"x4","x4","x4","x5",NA,"x4","x4","x4","x4","x5","x3","x2","x3","x3","x4",NA,"x4","x4","x4","x4","x4","x4","x4"
NA,"x5","x4","x4","x5",NA,"x5","x4","x4","x5","x5","x3","x5","x5","x5","x5",NA,"x5","x5","x5","x5","x5","x5","x5"
NA,"x5","x4","x5","x5",NA,"x5","x4","x5","x5","x5","x3","x4","x5","x4","x5",NA,"x5","x5","x5","x5","x5","x5","x5"
NA,"x4","x4","x5","x5",NA,"x4","x4","x3","x5","x4","x3","x4","x4","x2","x5",NA,"x4","x4","x4","x5","x4","x5","x5"
NA,"x5","x4","x5","x5",NA,"x5","x4","x5","x5","x5","x1","x3","x5","x5","x5",NA,"x5","x5","x5","x5","x5","x5","x5"
NA,"x4","x4","x5","x5",NA,"x4","x4","x5","x5","x3","x0","x0","x5","x4","x5",NA,"x5","x3","x3","x5","x4","x5","x5"
NA,"x5","x4","x5","x5",NA,"x5","x4","x5","x5","x5","x3","x4","x5","x4","x5",NA,"x5","x5","x5","x5","x5","x5","x5"
NA,"x4","x4","x5","x5",NA,"x5","x4","x4","x4","x5","x5","x4","x5","x5","x5",NA,"x5","x5","x5","x5","x5","x5","x5"
NA,"x4","x4","x5","x5",NA,"x4","x4","x5","x5","x5","x5","x5","x5","x5","x5",NA,"x5","x5","x5","x5","x5","x5","x5"
NA,"x4","x4","x4","x5",NA,"x3","x4","x5","x4","x4","x2","x2","x5","x4","x4",NA,"x4","x5","x5","x4","x4","x4","x5"
NA,"x3","x4","x4","x5",NA,"x2","x4","x3","x4","x4","x3","x3","x3","x2","x4",NA,"x3","x4","x4","x4","x3","x5","x4"
NA,"x4","x4","x4","x5",NA,"x4","x4","x4","x4","x4","x3","x1","x4","x4","x5",NA,"x4","x4","x4","x4","x4","x5","x5"
NA,"x4","x4","x4","x5",NA,"x5","x4","x5","x5","x5","x3","x2","x4","x4","x5",NA,"x5","x5","x5","x5","x5","x5","x5"
NA,"x4","x4","x5","x4",NA,"x4","x4","x3","x3","x5","x5","x5","x5","x3","x5",NA,"x4","x4","x4","x3","x5","x5","x4"
NA,"x4","x4","x4","x4",NA,"x3","x4","x4","x3","x4","x2","x5","x5","x3","x4",NA,"x3","x4","x4","x3","x3","x3","x3"
NA,"x4","x4","x5","x5",NA,"x5","x4","x5","x5","x5","x3","x4","x5","x4","x5",NA,"x5","x5","x5","x5","x5","x5","x5"
NA,"x4","x4","x5","x5",NA,"x5","x4","x5","x5","x5","x3","x4","x5","x4","x5",NA,"x5","x5","x5","x5","x5","x5","x5"
NA,"x4","x4","x4","x4",NA,"x3","x4","x4","x4","x4","x0","x4","x3","x3","x5",NA,"x4","x4","x4","x4","x4","x4","x5"
NA,"x4","x4","x5","x5",NA,"x4","x4","x5","x5","x5","x3","x3","x5","x4","x5",NA,"x5","x5","x5","x5","x4","x5","x5"
NA,"x3","x5","x4","x5",NA,"x5","x5","x5","x5","x5","x5","x5","x5","x5","x5",NA,"x5","x5","x5","x5","x5","x5","x5"
NA,"x3","x4","x5","x5",NA,"x3","x3","x4","x5","x5","x3","x4","x5","x4","x5",NA,"x4","x4","x5","x4","x4","x5","x5"
NA,"x2","x4","x5","x5",NA,"x4","x3","x4","x4","x4.5","x4","x3","x3","x4","x5",NA,"x5","x4","x4","x4","x4.5","x4","x4"
NA,"x5","x4","x5","x5",NA,"x5","x3","x5","x5","x5","x5","x5","x3","x5","x5",NA,"x5","x5","x5","x5","x5","x5","x5"
NA,"x5","x5","x5","x5",NA,"x5","x5","x5","x5","x4","x5","x1","x3","x1","x5",NA,"x5","x5","x5","x5","x5","x4","x5"
NA,"x3","x3","x4","x4",NA,"x3","x3","x4","x4","x2","x2","x2","x3","x4","x4",NA,"x3","x2","x3","x3","x4","x4","x4"
NA,"x4","x5","x4","x5",NA,"x5","x5","x5","x5","x5","x5","x5","x5","x5","x5",NA,"x5","x5","x5","x5","x5","x5","x5"
NA,"x2","x3","x3","x4",NA,"x3","x5","x5","x4","x5","x2","x3","x4","x3","x4",NA,"x5","x4","x4","x4","x4","x4","x4"
NA,"x5","x5","x5","x5",NA,"x5","x5","x5","x5","x5","x3","x4","x5","x5","x4",NA,"x5","x5","x5","x5","x5","x5","x5"
NA,"x4","x4","x4","x5",NA,"x4","x5","x5","x5","x4","x4","x4","x5","x5","x5",NA,"x5","x5","x5","x5","x4","x5","x5"
NA,"x4","x5","x4","x4",NA,"x4","x5","x4","x5","x5","x4","x4","x3","x4","x5",NA,"x5","x5","x4","x4","x4","x4","x5"
NA,"x2","x5","x3","x5",NA,"x5","x5","x5","x4","x5","x4","x4","x4","x4","x5",NA,"x5","x5","x5","x5","x5","x5","x5"
NA,"x5","x5","x5","x5",NA,"x5","x5","x5","x5","x5","x3","x4","x5","x5","x5",NA,"x5","x5","x5","x5","x5","x5","x5"
NA,"x4","x5","x4","x5",NA,"x5","x5","x4","x5","x5","x4","x4","x4","x4","x5",NA,"x5","x5","x5","x5","x5","x4","x5"
NA,"x4","x4","x5","x5",NA,"x4","x5","x5","x5","x4","x3","x4","x5","x4","x5",NA,"x5","x4","x5","x4","x5","x4","x4"
NA,"x4","x5","x5","x5",NA,"x3","x3","x5","x5","x5","x3","x3","x5","x5","x5",NA,"x5","x5","x5","x5","x5","x5","x5"
NA,"x4","x4","x4","x5",NA,"x3","x4","x5","x5","x5","x3","x5","x5","x5","x5",NA,"x5","x5","x5","x5","x5","x5","x5"
NA,"x3","x3","x4","x5",NA,"x2","x2","x5","x5","x4","x3","x4","x4","x4","x5",NA,"x5","x4","x4","x4","x4","x4","x4"
NA,"x4","x4","x4","x5",NA,"x4","x4","x4","x4","x4","x4","x4","x4","x4","x5",NA,"x5","x5","x5","x5","x5","x5","x5"
NA,"x4","x4","x4","x4",NA,"x4","x4","x4","x4","x3","x3","x3","x4","x3","x4",NA,"x3","x4","x4","x5","x3","x4","x4"
NA,"x2","x2","x2","x2",NA,"x2","x2","x2","x2","x2","x3","x2","x4","x4","x2",NA,"x2","x2","x2","x2","x5","x2","x2"
NA,"x5","x5","x4","x5",NA,"x4","x4","x5","x5","x5","x0","x2","x0","x0","x5",NA,"x5","x5","x5","x5","x5","x5","x5"
NA,"x4","x4","x4","x5",NA,"x3","x4","x5","x5","x4","x3","x3","x4","x4","x5",NA,"x5","x5","x5","x4","x5","x5","x5"
NA,"x4","x3","x4","x5",NA,"x5","x5","x5","x5","x5","x4","x5","x5","x4","x5",NA,"x5","x5","x5","x5","x5","x5","x5"
NA,"x4","x3","x4","x5",NA,"x5","x5","x5","x5","x5","x1","x3","x4","x5","x5",NA,"x5","x5","x5","x5","x5","x5","x5"
NA,"x4","x3","x3","x5",NA,"x5","x5","x5","x5","x5","x5","x4.5","x5","x5","x5",NA,"x5","x5","x5","x5","x5","x5","x5"
NA,"x4","x3","x4","x5",NA,"x3","x5","x5","x4","x4","x3","x4.5","x4","x5","x4",NA,"x4","x4","x4","x4","x4","x4","x4"
NA,"x4","x3","x5","x5",NA,"x4","x5","x5","x5","x5","x3","x3","x5","x5","x5",NA,"x5","x4","x5","x4","x4","x5","x4"
NA,"x3","x3","x4","x5",NA,"x4","x5","x4","x4","x3","x3","x3","x4","x3","x3",NA,"x4","x4","x4","x4","x5","x5","x5"
NA,"x5","x3","x5","x5",NA,"x5","x5","x5","x5","x5","x5","x5","x5","x5","x5",NA,"x5","x5","x5","x5","x5","x5","x5"
NA,"x4","x3","x4","x5",NA,"x3","x5","x4","x5","x4","x2","x2","x5","x5","x5",NA,"x4","x4","x4","x4","x4","x5","x4"
NA,"x4","x3","x4","x5",NA,"x3","x5","x3","x3","x5","x3","x4.5","x2","x2","x2",NA,"x5","x2","x5","x5","x5","x2","x2"
NA,"x4","x3","x5","x5",NA,"x5","x5","x5","x5","x5","x3","x5","x5","x5","x5",NA,"x5","x5","x5","x5","x5","x5","x5"
NA,"x5","x3","x5","x5",NA,"x5","x5","x5","x5","x5","x3","x5","x5","x4","x5",NA,"x5","x5","x5","x5","x5","x5","x5"
NA,"x4","x3","x4","x5",NA,"x5","x5","x5","x5","x5","x3","x4","x5","x5","x5",NA,"x5","x5","x5","x5","x5","x5","x5"
NA,"x4","x3","x4","x5",NA,"x5","x5","x5","x5","x5","x3","x5","x5","x5","x5",NA,"x5","x5","x5","x5","x5","x5","x5"
NA,"x5","x3","x5","x5",NA,"x5","x5","x5","x5","x5","x5","x5","x5","x5","x5",NA,"x5","x5","x5","x5","x5","x5","x5"
NA,"x4","x3","x4","x4",NA,"x4","x5","x5","x4","x5","x2","x2","x4","x4","x5",NA,"x4","x4","x4","x4","x4","x4","x5"
NA,"x3","x3","x4","x5",NA,"x3","x5","x4","x4","x4","x2","x2","x2","x2","x3",NA,"x4","x4","x4","x4","x4","x4","x4"
NA,"x4","x3","x4","x5",NA,"x4","x5","x5","x5","x5","x5","x5","x5","x5","x5",NA,"x5","x5","x5","x5","x5","x5","x5"
NA,"x3","x3","x4","x5",NA,"x5","x5","x5","x5","x5","x3","x4","x5","x5","x5",NA,"x5","x5","x5","x5","x5","x5","x5"
NA,"x3","x3","x3","x5",NA,"x5","x5","x5","x5","x5","x3","x5","x5","x5","x5",NA,"x5","x5","x5","x5","x5","x5","x5"
NA,"x3","x3","x4","x4",NA,"x4","x5","x3","x4","x4","x5","x5","x4","x4","x5",NA,"x4","x4","x5","x5","x5","x5","x4"
NA,"x4","x3","x4","x4",NA,"x5","x5","x5","x5","x5","x4","x4","x5","x5","x5",NA,"x5","x5","x5","x4","x4","x5","x5"
NA,"x2","x3","x3","x5",NA,"x3","x3","x4","x4","x4","x3","x4","x4","x4","x4",NA,"x4","x4","x4","x4","x4","x4","x3"
NA,"x5","x5","x4","x5",NA,"x5","x4","x5","x5","x5","x5","x3","x5","x5","x5",NA,"x5","x5","x5","x5","x5","x5","x5"
NA,"x3","x3","x3","x3",NA,"x1","x3","x3","x3","x4","x2","x2","x2","x2","x3",NA,"x3","x3","x3","x3","x3","x3","x3"
NA,"x4","x3","x4","x4",NA,"x4","x4","x5","x4","x2","x0","x4","x5","x4","x3",NA,"x3","x3","x5","x4","x1","x1","x3"
NA,"x4","x4","x4","x5",NA,"x3","x4","x5","x4","x4","x5","x4","x5","x3","x5",NA,"x4","x1","x1","x1","x1","x1","x2"
NA,"x4","x4","x4","x5",NA,"x5","x5","x5","x5","x5","x5","x5","x5","x5","x5",NA,"x5","x5","x5","x5","x5","x5","x5"
NA,"x4","x4","x5","x5",NA,"x4","x4","x4","x4","x5","x3","x3","x5","x4","x5",NA,"x4","x4","x5","x4","x5","x5","x5"
NA,"x4","x5","x4","x5",NA,"x4","x5","x5","x5","x4","x4","x4","x5","x5","x5",NA,"x5","x5","x5","x5","x5","x5","x5"
